{
	"union_parishads": [
		{
			"division_id": "3",
			"district_id": "12",
			"upazila": "বেলাবো",
			"union_parishads": "আমলাব, বাজনাব, বেলাব, বিন্নাবাইদ, চরউজিলাব, নারায়নপুর, সল্লাবাদ, পাটুলী, দেয়ারা"
		},
		{
			"division_id": "3",
			"district_id": "12",
			"upazila": "মনোহরদী",
			"union_parishads": "বড়চাপা, চালাকচর, চরমান্দালিয়া, একদুয়ারিয়া, গোতাশিয়া, কাচিকাটা, খিদিরপুর, শুকুন্দি, দৌলতপুর, কৃষ্ণপুর ইউনিয়ন, লেবুতলা, চন্দনবাড়ী"
		}
	]
}
