{
  "biodatas": [
    {
      "user_id": 1,
      "biodata_code": "1234",
      "biodata_completion": "0%",
      "is_approved": false,
      "pending_approve": true,
      "media_agreement": true,
      "gender": "male",
      "birth_date": "1991-06-15",
      "skin_color": "fair",
      "height": "5'8&quot;",
      "weight": "70",
      "blood_group": "A+",
      "maritial_status": "unmarried",
      "have_children": false,
      "permanent_country": "Bangladesh",
      "permanent_division": "Khulna",
      "permanent_district": "Kushtia",
      "permanent_upazila": "Kushtia Sadar",
      "permanent_post_office": "Kushtia Sadar",
      "permanent_post_code": "7000",
      "address_same": true,
      "address_hide": true,
      "job_title": "freelancer",
      "job_details": "freelancer, web developer",
      "job_location": "online",
      "monthly_income": "50,000",
      "medium_of_study": "general",
      "general_highest_degree": "honors",
      "general_running": false,
      "general_pass": true,
      "study_in_details": "BSc Honours, PUST",
      "honorable_degree_result": "2.83",
      "honorable_degree_place": "PUST",
      "honorable_degree_details": "BSc Honours, PUST",
      "five_waqt_salat": "always",
      "beard_quantity": "full",
      "pants_worn_style": "full",
      "veiling_style": "full",
      "islamic_studies": "full",
      "drugs_taken": "no",
      "dowry_deserve": "no",
      "akida_majhhab": "sunni",
      "three_choosen_alems": "person 1, person 2, person 3",
      "family_islam_maintain": "full",
      "physical_weekness": false,
      "good_affairs": "joging, book reading",
      "religious_future_plan": "enlighten myself",
      "borka_wearing": "no",
      "nikab_with_borka": "no",
      "father_name": "Md. Samir Uddin",
      "father_desc": "Retired army person",
      "mother_name": "Mst. Fazilatun Nesa",
      "mother_desc": "House worker",
      "brother_sister_desc": "one brother five sisters",
      "property_and_income": "one house",
      "personal_maritial_agreement": true,
      "family_maritial_agreement": true,
      "deserved_division": "Khulna",
      "deserved_district": "Kushtia",
      "deserved_age": 28,
      "deserved_skin_color": "fair",
      "deserved_height": "5'6&quot;",
      "deserved_akida_majhhab": "sunni",
      "deserved_family_condition": "sunni",
      "deserved_job_title": "none",
      "deserved_maritial_status": "unmarried",
      "deserved_maritial_status_desc": "unmarried",
      "deserved_others_desc": "unmarried",
      "form_holder_name": "Md. Kobir Uddin",
      "form_holder_email": "rajon.kobir@gmail.com",
      "form_holder_mobile": "01750988184",
      "form_holder_relation": "self",
      "form_holder_mobile_whatsapp": true,
      "form_holder_mobile_imo": true,
      "form_holder_mobile_telegram": true,
      "form_holder_mobile_social": "skype",
      "bride_or_groom_name": "Md. Kobir Uddin",
      "male_guardian_name": "Md. Samir Uddin",
      "male_guardian_email": "none",
      "male_guardian_mobile": "01750988184",
      "male_guardian_mobile_telegram": true,
      "male_guardian_mobile_imo": true,
      "male_guardian_mobile_whatsapp": true,
      "male_guardian_relation": "father",
      "male_guardian_agreement": true,
      "eleven_digit_mobile_number": "01750988184",
      "reference_code": "none",
      "deserved_money_pay": "3000",
      "media_terms_one_agreement": true,
      "hundred_money_pay": true,
      "media_terms_two_agreement": true,
      "admin_comment": "good"
    }
  ]
}
