{
  "biodatas": [
    {
      "user_id": 1,
      "biodata_code": "1234",
      "biodata_completion": "0%",
      "is_approved": false,
      "pending_approve": true,
      "media_agreement": true,
      "running_tab": 0,
      "gender": "male",
      "birth_date": "1991-12-19",
      "skin_color": "উজ্জ্বল শ্যামলা",
      "height": "৫'৮\"",
      "weight": "৭১-৭৫ এর মধ্যে",
      "blood_group": "A+",
      "maritial_status": "unmarried",
      "have_children": false,
      "permanent_country": "Bangladesh",
      "permanent_division": "Khulna",
      "permanent_district": "Kushtia",
      "permanent_upazila": "Kushtia Sadar",
      "permanent_post_office": "Kushtia Sadar",
      "permanent_post_code": "7000",
      "address_same": true,
      "address_hide": true,
      "job_title": "",
      "job_details": "",
      "job_location": "",
      "monthly_income": "",
      "medium_of_study": "",
      "general_highest_degree": "",
      "general_running": false,
      "general_pass": true,
      "study_in_details": "",
      "honorable_degree_place": "",
      "honorable_degree_details": "",
      "five_waqt_salat": "",
      "beard_quantity": "",
      "pants_worn_style": "",
      "veiling_style": "",
      "islamic_studies": "",
      "drugs_taken": "",
      "dowry_deserve": "",
      "akida_majhhab": "",
      "three_choosen_alems": "",
      "family_islam_maintain": "",
      "physical_weakness": false,
      "good_affairs": "",
      "religious_future_plan": "",
      "borka_wearing": "",
      "nikab_with_borka": "",
      "father_name": "",
      "father_desc": "",
      "mother_name": "",
      "mother_desc": "",
      "brother_sister_desc": "",
      "property_and_income": "",
      "personal_maritial_agreement": true,
      "family_maritial_agreement": true,
      "deserved_division": "",
      "deserved_district": "",
      "deserved_age": "28-35",
      "deserved_skin_color": "",
      "deserved_height": "",
      "deserved_akida_majhhab": "",
      "deserved_family_condition": "",
      "deserved_job_title": "",
      "deserved_maritial_status": "",
      "deserved_condition": "",
      "deserved_others_desc": "",
      "form_holder_name": "",
      "form_holder_email": "",
      "form_holder_mobile": "",
      "form_holder_relation": "",
      "form_holder_mobile_whatsapp": true,
      "form_holder_mobile_imo": true,
      "form_holder_mobile_telegram": true,
      "form_holder_mobile_social": "",
      "bride_or_groom_name": "",
      "male_guardian_name": "",
      "male_guardian_email": "",
      "male_guardian_mobile": "",
      "male_guardian_mobile_telegram": true,
      "male_guardian_mobile_imo": true,
      "male_guardian_mobile_whatsapp": true,
      "male_guardian_relation": "",
      "male_guardian_agreement": true,
      "eleven_digit_mobile_number": "",
      "reference_code": "",
      "deserved_money_pay": "",
      "media_terms_one_agreement": true,
      "hundred_money_pay": true,
      "media_terms_two_agreement": true,
      "admin_comment": ""
    }
  ]
}
